question,answer
"How can I apply for admission to Bennett University?","You can apply online through the official application portal: https://applications.bennett.edu.in/bu."
"What is the last date to apply for admission?","The application deadlines vary by program. It's best to check the Admissions page for the most current information."
"Is there an entrance exam for any course?","Some programs may require entrance exams or interviews. Details are provided on the Eligibility and Selection Criteria page."
"Can I apply for multiple courses at the same time?","Yes, you can apply for multiple programs, but separate applications may be required for each."
"What documents are required during admission?","Required documents typically include academic transcripts, identification proof, and passport-sized photographs."
"Is there any age limit for undergraduate programs?","There is generally no strict age limit, but candidates must meet the academic eligibility criteria."
"How will I know if I have been selected?","Selected candidates are notified via email and the application portal."
"Can I apply online or only through offline mode?","Applications are accepted online through the official portal."
"What undergraduate programs does the college offer?","Bennett University offers B.Tech, BBA, BCA, BA in Mass Communication, BA LLB, and B.Des."
"What postgraduate programs are available?","Postgraduate programs include MBA, M.Tech, and Ph.D. programs."
"Are there any diploma or certification courses offered?","Yes, Bennett University offers various diploma and certification courses."
"Does the college offer distance learning programs?","Currently, Bennett University does not offer distance learning programs."
"Can I pursue a dual degree or minor specialization?","Information about dual degrees or minor specializations can be obtained from the academic advisors."
"Are interdisciplinary courses available?","Yes, interdisciplinary courses are available as part of the curriculum."
"What is the fee structure for various courses?","The fee structure varies by program. For example, B.Tech programs range from ₹14.9 L to ₹18.7 L."
"Is there any registration fee during admission?","Yes, a non-refundable registration fee is applicable during admission."
"Are scholarships available for meritorious students?","Yes, Bennett University offers merit-based scholarships up to 50% for deserving students."
"How can I apply for a scholarship?","Scholarship applications are typically submitted during the admission process."
"Are there any scholarships for economically weaker students?","Yes, scholarships are available for economically weaker students."
"Can students pay the fees in installments?","Yes, installment payment options are available."
"What are the facilities available in the classrooms and labs?","Classrooms have modern teaching aids, and labs are equipped with state-of-the-art equipment."
"Does the college have Wi-Fi access for students?","Yes, the campus is Wi-Fi enabled, providing internet access to students and staff."
"Is there a digital library or e-library facility?","Yes, Bennett University offers a digital library with access to various online resources."
"Are medical facilities available on campus?","Yes, medical facilities are available on campus to address health-related concerns."
"What sports facilities does the college offer?","The university has a sports complex with facilities for various sports like basketball, badminton, and cricket."
"Does the college have a cafeteria or food court?","Yes, there are cafeterias and food courts on campus offering a variety of food options."
"What are the qualifications of the faculty members?","Over 90% of the faculty hold Ph.D. degrees, ensuring a high standard of education."
"Are there visiting faculty or industry experts teaching courses?","Yes, industry experts and visiting faculty provide practical insights and knowledge."
"How experienced are the professors in their fields?","Faculty members have extensive experience in their respective fields, combining academic knowledge with industry exposure."
"Do faculty members assist students outside of class hours?","Yes, faculty members are approachable and available to assist students beyond regular class hours."
"What is the placement record of the college?","Bennett University has a strong placement record with the highest package up to ₹1.37 Crore per annum."
"Which companies visit for campus recruitment?","Companies like Amazon, Microsoft, Adobe, Capgemini, Infosys, and Goldman Sachs visit for placements."
"What is the average package offered during placements?","The average package varies by program, with competitive offers across disciplines."
"Does the college provide internship assistance?","Yes, a dedicated Placement and Internship Committee helps facilitate internships."
"Are internships mandatory as part of the course curriculum?","Yes, internships are mandatory and provide practical exposure to students."
"What clubs and societies can students join?","Students can join various cultural, technical, and sports clubs."
"Are cultural and technical fests organized annually?","Yes, the university organizes annual cultural and technical festivals."
"Are there leadership opportunities like student council positions?","Yes, students can take up leadership roles through student councils and committees."
"What activities are available for sports enthusiasts?","Sports enthusiasts can participate in various tournaments organized on campus."
"Does the college organize educational trips or industry visits?","Yes, the university organizes educational trips and industry visits."
"Is hostel accommodation available for both boys and girls?","Yes, separate hostel accommodations are available for male and female students."
"What are the facilities provided in hostels?","Hostels are equipped with air-conditioned rooms, study tables, wardrobes, and essential amenities."
"What is the hostel fee structure?","The hostel fee varies depending on room type and facilities."
"Are hostel rooms shared or individual?","Both shared and single occupancy rooms are available."
"Is there a warden or supervisor in the hostels for safety?","Yes, each hostel has wardens and supervisors ensuring student safety."
"Does the college provide transport facilities?","Yes, transport facilities are available for students commuting from nearby areas."
"What are the nearest public transportation options?","The campus is well connected by metro and public transport options in Greater Noida."
"Is parking available for student vehicles on campus?","Yes, there is designated parking available for student vehicles."
"What is the minimum attendance requirement for students?","Students are generally required to maintain a minimum of 75% attendance."
"Are mobile phones allowed inside classrooms?","Mobile phones are allowed but must be used responsibly without disturbing the class."
"What are the college timings?","College timings are generally from 8:30 AM to 5:30 PM."
"Where can I find my class schedule?","You can find your class schedule on MyCamu or contact your program coordinator."
"How do I access my student portal?","Visit lms.bennett.edu.in log in using your student credentials."
"Who do I contact if I forget my portal password?","Contact the IT Helpdesk or write down a mail to the IT helpdesk."
"What is the Wi-Fi password on campus?","Wi-Fi credentials are provided through mail."
"How can I get my ID card replaced if I lose it?","Write a mail to your Warden and cc the security helpdesk for assistance."
"How can I change my course or branch?","Mail your program coordinator and if the reason is valid enough you can change the course or branch."
"What happens if I miss a class?","Nothing happens if you miss one or two classes but there is a minimum requirment of have 75% attendance."
"How many credits do I need to graduate?","The credit requirement varies by program; refer to your program guide."
"Where can I find the syllabus for my course?","The syllabus is available on the LMS or from your course instructor."
"Can I take extra electives outside my department?","Yes, based on availability and approval from your department."
"How do I register for summer or backlog exams?","Registration details are posted on the exam section of the student portal also you get a mail regarding the information."
"How can I contact my professor?","You can contact your professor via email or visit the professor's cubical during the working hours."
"What should I do if I have issues with my class grades?","Discuss it with your professor first or escalate to the department if needed."   
"How can I book a meeting with my academic advisor?","Email your advisor or schedule an appointment through the student portal."
"How do I apply for a hostel room?","You can contact the hostel warden or apply online while taking admission."
"Can I change my roommate or room?","Yes, you can request a room change by contacting the hostel warden only with a proper reason."
"Is there a curfew time for hostel students?","No there is no curfew timing on campus but you need to be inside the campus by 10 pm."
"Are visitors allowed in the hostel?","No visitors aren't allowed inside the campus but can visit the campus from 1o AM to 5 PM."
"Where is the library located and what are the timings?","The library is located in the A Block and M block and is open from 8 AM to 11 PM."
"How can I borrow books from the library?","Use your student ID to borrow books from the library counter."
"How do I get medical assistance on campus?","Visit the Wellness center located between A block and C block."
"How can I pay my semester fees?","Fees can be paid online through the student portal at the beginning of a semester."
"Where do I check my fee dues?","Check your dues in the 'Fees' section of the student portal."
"How can I apply for a scholarship?","You cannot apply for scholarships but you are given one while applying based of your scores in JEE mains SAT or IB exams."
"When will the scholarship results be announced?","Scholarship results are usually announced within two months after application."
"Can I pay my fees in installments?","Yes, installment payment options are available; check with the finance office."
"How do I apply for campus placements?","Register with the Placement Cell through the campus placement portal."
"Where can I find the placement schedule?","Placement schedules are shared via email and on the student portal."
"What companies are visiting this year?","A list of visiting companies is available with the Placement Cell."
"How do I get an internship through the university?","Register on the internship portal or approach the Placement Office."
"Is placement assistance available after graduation?","Yes, placement support is available for up to 1 year after graduation."
"When is the next college fest happening?","The next college fest details will be announced on the events page."
"How can I join a student club or society?","Fill out the club registration form available on the student portal."
"Where can I register for workshops and seminars?","Workshop and seminar registration links are shared via email and on the website."
"How can I participate in sports events?","Register with the sports department or through the student portal."
"Are there any hackathons or coding competitions coming up?","Upcoming hackathons and coding competitions are listed on the Events page."
"Is there a university bus service?","Yes, university buses operate on various routes around the city."
"How can I get a bus pass?","Apply for a bus pass through the transport office or online portal."
"What is the nearest metro station to the university?","Knowledge Park II is the nearest metro station to Bennett University."
"What is the minimum attendance requirement?","A minimum of 75% attendance is required to sit for exams."
"What are the anti-ragging measures in place?","Strict anti-ragging policies are enforced; violations lead to severe penalties."
"What is the dress code on campus?","Casuals are allowed but students must dress appropriately for academic settings."
"How can I access mental health counseling?","Contact the campus counseling center for appointments."
"Who do I contact for technical issues with online classes?","Reach out to the IT Helpdesk or email the technical support team."
"Is there academic support for weak students?","Yes, remedial classes and tutoring sessions are available for students."
"How can I give feedback or complain about an issue?","Use the feedback form available on the student portal or email the administration."
